{"type": "Source Version", "uuid": "4346", "id": "v1.0", "short_code": "DemoSource", "name": "OCL Demo Source", "full_name": "OCL Demo Source", "description": "First release", "source_type": "Dictionary", "custom_validation_schema": "None", "public_access": "View", "default_locale": "en", "supported_locales": ["en"], "website": null, "url": "/orgs/DemoOrg/sources/DemoSource/", "owner": "DemoOrg", "owner_type": "Organization", "owner_url": "/orgs/DemoOrg/", "retired": false, "version_url": "/orgs/DemoOrg/sources/DemoSource/v1.0/", "previous_version_url": "/orgs/DemoOrg/sources/DemoSource/initial/", "created_on": "2023-05-26T12:00:31.931933Z", "updated_on": "2023-05-26T12:00:31.931942Z", "created_by": "ocladmin", "updated_by": "ocladmin", "extras": {}, "external_id": null, "version": "v1.0", "concepts_url": "/orgs/DemoOrg/sources/DemoSource/v1.0/concepts/", "mappings_url": "/orgs/DemoOrg/sources/DemoSource/v1.0/mappings/", "is_processing": true, "released": true, "canonical_url": null, "identifier": {}, "publisher": null, "contact": {}, "jurisdiction": {}, "purpose": null, "copyright": null, "content_type": null, "revision_date": null, "text": null, "meta": null, "experimental": null, "case_sensitive": null, "collection_reference": null, "hierarchy_meaning": null, "compositional": null, "version_needed": null, "hierarchy_root_url": null, "checksums": {"meta": "446b5914421e97a90e698af02a54d31e"}, "source": {"id": "DemoSource", "url": "/orgs/DemoOrg/sources/DemoSource/", "meta": null, "name": "OCL Demo Source", "text": null, "type": "Source", "uuid": "4343", "owner": "DemoOrg", "extras": {}, "contact": {}, "purpose": null, "version": "HEAD", "website": null, "logo_url": null, "checksums": {"meta": "98685c0f69687e6e120fa050f35e3ead"}, "copyright": null, "full_name": "OCL Demo Source", "owner_url": "/orgs/DemoOrg/", "publisher": null, "created_by": "ocladmin", "created_on": "2023-05-26T12:00:23.749715Z", "identifier": {}, "owner_type": "Organization", "short_code": "DemoSource", "updated_by": "ocladmin", "updated_on": "2023-05-26T12:00:23.749726Z", "description": "Source used for demo purposes", "external_id": null, "source_type": "Dictionary", "concepts_url": "/orgs/DemoOrg/sources/DemoSource/concepts/", "content_type": null, "experimental": null, "jurisdiction": {}, "mappings_url": "/orgs/DemoOrg/sources/DemoSource/mappings/", "versions_url": "/orgs/DemoOrg/sources/DemoSource/versions/", "canonical_url": null, "compositional": null, "public_access": "View", "revision_date": null, "case_sensitive": null, "default_locale": "en", "version_needed": null, "hierarchy_meaning": null, "supported_locales": ["en"], "hierarchy_root_url": null, "collection_reference": null, "autoid_concept_mnemonic": null, "autoid_mapping_mnemonic": "sequential", "custom_validation_schema": "None", "autoid_concept_external_id": null, "autoid_mapping_external_id": null, "autoid_concept_mnemonic_start_from": 1, "autoid_mapping_mnemonic_start_from": 1, "autoid_concept_external_id_start_from": 1, "autoid_mapping_external_id_start_from": 1}, "concepts": [{"type": "Concept", "id": "Cucumber", "external_id": null, "concept_class": "Product", "datatype": "None", "names": [{"external_id": null, "type": "ConceptName", "locale": "en", "locale_preferred": true, "name": "Cucumber", "name_type": "Fully Specified"}], "descriptions": [], "extras": {}, "retired": false, "source": "DemoSource", "source_url": "/orgs/DemoOrg/sources/DemoSource/", "owner": "DemoOrg", "owner_name": "DemoOrg", "owner_url": "/orgs/DemoOrg/", "url": "/orgs/DemoOrg/sources/DemoSource/concepts/Cucumber/", "owner_type": "Organization", "parent_concept_urls": [], "uuid": "3067888", "display_name": "Cucumber", "display_locale": "en", "version": "3067888", "created_on": "2023-05-26T12:00:28.879805Z", "updated_on": "2023-05-26T12:00:28.881305Z", "version_created_on": "2023-05-26T12:00:28.879805Z", "version_created_by": "ocladmin", "update_comment": null, "is_latest_version": true, "locale": null, "version_url": "/orgs/DemoOrg/sources/DemoSource/concepts/Cucumber/3067888/", "previous_version_url": null, "child_concept_urls": []}, {"type": "Concept", "id": "Watermelon", "external_id": null, "concept_class": "Product", "datatype": "None", "names": [{"external_id": null, "type": "ConceptName", "locale": "en", "locale_preferred": true, "name": "Watermelon", "name_type": "Fully Specified"}], "descriptions": [], "extras": {}, "retired": false, "source": "DemoSource", "source_url": "/orgs/DemoOrg/sources/DemoSource/", "owner": "DemoOrg", "owner_name": "DemoOrg", "owner_url": "/orgs/DemoOrg/", "url": "/orgs/DemoOrg/sources/DemoSource/concepts/Watermelon/", "owner_type": "Organization", "parent_concept_urls": [], "uuid": "3067886", "display_name": "Watermelon", "display_locale": "en", "version": "3067886", "created_on": "2023-05-26T12:00:28.836370Z", "updated_on": "2023-05-26T12:00:28.837553Z", "version_created_on": "2023-05-26T12:00:28.836370Z", "version_created_by": "ocladmin", "update_comment": null, "is_latest_version": false, "locale": null, "version_url": "/orgs/DemoOrg/sources/DemoSource/concepts/Watermelon/3067886/", "previous_version_url": null, "child_concept_urls": []}, {"type": "Concept", "id": "Corn", "external_id": null, "concept_class": "Product", "datatype": "None", "names": [{"external_id": null, "type": "ConceptName", "locale": "en", "locale_preferred": true, "name": "Corn", "name_type": "Fully Specified"}], "descriptions": [], "extras": {}, "retired": false, "source": "DemoSource", "source_url": "/orgs/DemoOrg/sources/DemoSource/", "owner": "DemoOrg", "owner_name": "DemoOrg", "owner_url": "/orgs/DemoOrg/", "url": "/orgs/DemoOrg/sources/DemoSource/concepts/Corn/", "owner_type": "Organization", "parent_concept_urls": [], "uuid": "3067885", "display_name": "Corn", "display_locale": "en", "version": "3067885", "created_on": "2023-05-26T12:00:28.820769Z", "updated_on": "2023-05-26T12:00:28.821820Z", "version_created_on": "2023-05-26T12:00:28.820769Z", "version_created_by": "ocladmin", "update_comment": null, "is_latest_version": true, "locale": null, "version_url": "/orgs/DemoOrg/sources/DemoSource/concepts/Corn/3067885/", "previous_version_url": null, "child_concept_urls": []}, {"type": "Concept", "id": "Vegetable", "external_id": null, "concept_class": "Category", "datatype": "None", "names": [{"external_id": null, "type": "ConceptName", "locale": "en", "locale_preferred": true, "name": "Vegetable", "name_type": "Fully Specified"}], "descriptions": [], "extras": {}, "retired": false, "source": "DemoSource", "source_url": "/orgs/DemoOrg/sources/DemoSource/", "owner": "DemoOrg", "owner_name": "DemoOrg", "owner_url": "/orgs/DemoOrg/", "url": "/orgs/DemoOrg/sources/DemoSource/concepts/Vegetable/", "owner_type": "Organization", "parent_concept_urls": [], "uuid": "3067882", "display_name": "Vegetable", "display_locale": "en", "version": "3067882", "created_on": "2023-05-26T12:00:28.770112Z", "updated_on": "2023-05-26T12:00:28.771259Z", "version_created_on": "2023-05-26T12:00:28.770112Z", "version_created_by": "ocladmin", "update_comment": null, "is_latest_version": false, "locale": null, "version_url": "/orgs/DemoOrg/sources/DemoSource/concepts/Vegetable/3067882/", "previous_version_url": null, "child_concept_urls": []}, {"type": "Concept", "id": "Cherry", "external_id": null, "concept_class": "Product", "datatype": "None", "names": [{"external_id": null, "type": "ConceptName", "locale": "en", "locale_preferred": true, "name": "Cherry", "name_type": "Fully Specified"}], "descriptions": [], "extras": {}, "retired": false, "source": "DemoSource", "source_url": "/orgs/DemoOrg/sources/DemoSource/", "owner": "DemoOrg", "owner_name": "DemoOrg", "owner_url": "/orgs/DemoOrg/", "url": "/orgs/DemoOrg/sources/DemoSource/concepts/Cherry/", "owner_type": "Organization", "parent_concept_urls": [], "uuid": "3067881", "display_name": "Cherry", "display_locale": "en", "version": "3067881", "created_on": "2023-05-26T12:00:28.762721Z", "updated_on": "2023-05-26T12:00:28.763965Z", "version_created_on": "2023-05-26T12:00:28.762721Z", "version_created_by": "ocladmin", "update_comment": null, "is_latest_version": false, "locale": null, "version_url": "/orgs/DemoOrg/sources/DemoSource/concepts/Cherry/3067881/", "previous_version_url": null, "child_concept_urls": []}, {"type": "Concept", "id": "Strawberry", "external_id": null, "concept_class": "Product", "datatype": "None", "names": [{"external_id": null, "type": "ConceptName", "locale": "en", "locale_preferred": true, "name": "Strawberry", "name_type": "Fully Specified"}], "descriptions": [], "extras": {}, "retired": false, "source": "DemoSource", "source_url": "/orgs/DemoOrg/sources/DemoSource/", "owner": "DemoOrg", "owner_name": "DemoOrg", "owner_url": "/orgs/DemoOrg/", "url": "/orgs/DemoOrg/sources/DemoSource/concepts/Strawberry/", "owner_type": "Organization", "parent_concept_urls": [], "uuid": "3067878", "display_name": "Strawberry", "display_locale": "en", "version": "3067878", "created_on": "2023-05-26T12:00:28.705553Z", "updated_on": "2023-05-26T12:00:28.706823Z", "version_created_on": "2023-05-26T12:00:28.705553Z", "version_created_by": "ocladmin", "update_comment": null, "is_latest_version": false, "locale": null, "version_url": "/orgs/DemoOrg/sources/DemoSource/concepts/Strawberry/3067878/", "previous_version_url": null, "child_concept_urls": []}, {"type": "Concept", "id": "Celery", "external_id": null, "concept_class": "Product", "datatype": "None", "names": [{"external_id": null, "type": "ConceptName", "locale": "en", "locale_preferred": true, "name": "Celery", "name_type": "Fully Specified"}], "descriptions": [], "extras": {}, "retired": false, "source": "DemoSource", "source_url": "/orgs/DemoOrg/sources/DemoSource/", "owner": "DemoOrg", "owner_name": "DemoOrg", "owner_url": "/orgs/DemoOrg/", "url": "/orgs/DemoOrg/sources/DemoSource/concepts/Celery/", "owner_type": "Organization", "parent_concept_urls": [], "uuid": "3067877", "display_name": "Celery", "display_locale": "en", "version": "3067877", "created_on": "2023-05-26T12:00:28.694572Z", "updated_on": "2023-05-26T12:00:28.698303Z", "version_created_on": "2023-05-26T12:00:28.694572Z", "version_created_by": "ocladmin", "update_comment": null, "is_latest_version": true, "locale": null, "version_url": "/orgs/DemoOrg/sources/DemoSource/concepts/Celery/3067877/", "previous_version_url": null, "child_concept_urls": []}, {"type": "Concept", "id": "Potato", "external_id": null, "concept_class": "Product", "datatype": "None", "names": [{"external_id": null, "type": "ConceptName", "locale": "en", "locale_preferred": true, "name": "Potato", "name_type": "Fully Specified"}], "descriptions": [], "extras": {}, "retired": false, "source": "DemoSource", "source_url": "/orgs/DemoOrg/sources/DemoSource/", "owner": "DemoOrg", "owner_name": "DemoOrg", "owner_url": "/orgs/DemoOrg/", "url": "/orgs/DemoOrg/sources/DemoSource/concepts/Potato/", "owner_type": "Organization", "parent_concept_urls": [], "uuid": "3067874", "display_name": "Potato", "display_locale": "en", "version": "3067874", "created_on": "2023-05-26T12:00:28.634244Z", "updated_on": "2023-05-26T12:00:28.635950Z", "version_created_on": "2023-05-26T12:00:28.634244Z", "version_created_by": "ocladmin", "update_comment": null, "is_latest_version": true, "locale": null, "version_url": "/orgs/DemoOrg/sources/DemoSource/concepts/Potato/3067874/", "previous_version_url": null, "child_concept_urls": []}, {"type": "Concept", "id": "Carrot", "external_id": null, "concept_class": "Product", "datatype": "None", "names": [{"external_id": null, "type": "ConceptName", "locale": "en", "locale_preferred": true, "name": "Carrot", "name_type": "Fully Specified"}], "descriptions": [], "extras": {}, "retired": false, "source": "DemoSource", "source_url": "/orgs/DemoOrg/sources/DemoSource/", "owner": "DemoOrg", "owner_name": "DemoOrg", "owner_url": "/orgs/DemoOrg/", "url": "/orgs/DemoOrg/sources/DemoSource/concepts/Carrot/", "owner_type": "Organization", "parent_concept_urls": [], "uuid": "3067873", "display_name": "Carrot", "display_locale": "en", "version": "3067873", "created_on": "2023-05-26T12:00:28.631737Z", "updated_on": "2023-05-26T12:00:28.634537Z", "version_created_on": "2023-05-26T12:00:28.631737Z", "version_created_by": "ocladmin", "update_comment": null, "is_latest_version": true, "locale": null, "version_url": "/orgs/DemoOrg/sources/DemoSource/concepts/Carrot/3067873/", "previous_version_url": null, "child_concept_urls": []}, {"type": "Concept", "id": "Cabbage", "external_id": null, "concept_class": "Product", "datatype": "None", "names": [{"external_id": null, "type": "ConceptName", "locale": "en", "locale_preferred": true, "name": "Cabbage", "name_type": "Fully Specified"}], "descriptions": [], "extras": {}, "retired": false, "source": "DemoSource", "source_url": "/orgs/DemoOrg/sources/DemoSource/", "owner": "DemoOrg", "owner_name": "DemoOrg", "owner_url": "/orgs/DemoOrg/", "url": "/orgs/DemoOrg/sources/DemoSource/concepts/Cabbage/", "owner_type": "Organization", "parent_concept_urls": [], "uuid": "3067870", "display_name": "Cabbage", "display_locale": "en", "version": "3067870", "created_on": "2023-05-26T12:00:28.540037Z", "updated_on": "2023-05-26T12:00:28.541517Z", "version_created_on": "2023-05-26T12:00:28.540037Z", "version_created_by": "ocladmin", "update_comment": null, "is_latest_version": true, "locale": null, "version_url": "/orgs/DemoOrg/sources/DemoSource/concepts/Cabbage/3067870/", "previous_version_url": null, "child_concept_urls": []}, {"type": "Concept", "id": "Pomelo", "external_id": null, "concept_class": "Product", "datatype": "None", "names": [{"external_id": null, "type": "ConceptName", "locale": "en", "locale_preferred": true, "name": "Pomelo", "name_type": "Fully Specified"}], "descriptions": [], "extras": {}, "retired": false, "source": "DemoSource", "source_url": "/orgs/DemoOrg/sources/DemoSource/", "owner": "DemoOrg", "owner_name": "DemoOrg", "owner_url": "/orgs/DemoOrg/", "url": "/orgs/DemoOrg/sources/DemoSource/concepts/Pomelo/", "owner_type": "Organization", "parent_concept_urls": [], "uuid": "3067869", "display_name": "Pomelo", "display_locale": "en", "version": "3067869", "created_on": "2023-05-26T12:00:28.530394Z", "updated_on": "2023-05-26T12:00:28.534158Z", "version_created_on": "2023-05-26T12:00:28.530394Z", "version_created_by": "ocladmin", "update_comment": null, "is_latest_version": true, "locale": null, "version_url": "/orgs/DemoOrg/sources/DemoSource/concepts/Pomelo/3067869/", "previous_version_url": null, "child_concept_urls": []}, {"type": "Concept", "id": "Broccoli", "external_id": null, "concept_class": "Product", "datatype": "None", "names": [{"external_id": null, "type": "ConceptName", "locale": "en", "locale_preferred": true, "name": "Broccoli", "name_type": "Fully Specified"}], "descriptions": [], "extras": {}, "retired": false, "source": "DemoSource", "source_url": "/orgs/DemoOrg/sources/DemoSource/", "owner": "DemoOrg", "owner_name": "DemoOrg", "owner_url": "/orgs/DemoOrg/", "url": "/orgs/DemoOrg/sources/DemoSource/concepts/Broccoli/", "owner_type": "Organization", "parent_concept_urls": [], "uuid": "3067866", "display_name": "Broccoli", "display_locale": "en", "version": "3067866", "created_on": "2023-05-26T12:00:28.418016Z", "updated_on": "2023-05-26T12:00:28.421246Z", "version_created_on": "2023-05-26T12:00:28.418016Z", "version_created_by": "ocladmin", "update_comment": null, "is_latest_version": true, "locale": null, "version_url": "/orgs/DemoOrg/sources/DemoSource/concepts/Broccoli/3067866/", "previous_version_url": null, "child_concept_urls": []}, {"type": "Concept", "id": "Pear", "external_id": null, "concept_class": "Product", "datatype": "None", "names": [{"external_id": null, "type": "ConceptName", "locale": "en", "locale_preferred": true, "name": "Pear", "name_type": "Fully Specified"}], "descriptions": [], "extras": {}, "retired": false, "source": "DemoSource", "source_url": "/orgs/DemoOrg/sources/DemoSource/", "owner": "DemoOrg", "owner_name": "DemoOrg", "owner_url": "/orgs/DemoOrg/", "url": "/orgs/DemoOrg/sources/DemoSource/concepts/Pear/", "owner_type": "Organization", "parent_concept_urls": [], "uuid": "3067865", "display_name": "Pear", "display_locale": "en", "version": "3067865", "created_on": "2023-05-26T12:00:28.404001Z", "updated_on": "2023-05-26T12:00:28.408335Z", "version_created_on": "2023-05-26T12:00:28.404001Z", "version_created_by": "ocladmin", "update_comment": null, "is_latest_version": false, "locale": null, "version_url": "/orgs/DemoOrg/sources/DemoSource/concepts/Pear/3067865/", "previous_version_url": null, "child_concept_urls": []}, {"type": "Concept", "id": "Beet", "external_id": null, "concept_class": "Product", "datatype": "None", "names": [{"external_id": null, "type": "ConceptName", "locale": "en", "locale_preferred": true, "name": "Beet", "name_type": "Fully Specified"}], "descriptions": [], "extras": {}, "retired": false, "source": "DemoSource", "source_url": "/orgs/DemoOrg/sources/DemoSource/", "owner": "DemoOrg", "owner_name": "DemoOrg", "owner_url": "/orgs/DemoOrg/", "url": "/orgs/DemoOrg/sources/DemoSource/concepts/Beet/", "owner_type": "Organization", "parent_concept_urls": [], "uuid": "3067862", "display_name": "Beet", "display_locale": "en", "version": "3067862", "created_on": "2023-05-26T12:00:28.296467Z", "updated_on": "2023-05-26T12:00:28.298181Z", "version_created_on": "2023-05-26T12:00:28.296467Z", "version_created_by": "ocladmin", "update_comment": null, "is_latest_version": true, "locale": null, "version_url": "/orgs/DemoOrg/sources/DemoSource/concepts/Beet/3067862/", "previous_version_url": null, "child_concept_urls": []}, {"type": "Concept", "id": "Papaya", "external_id": null, "concept_class": "Product", "datatype": "None", "names": [{"external_id": null, "type": "ConceptName", "locale": "en", "locale_preferred": true, "name": "Papaya", "name_type": "Fully Specified"}], "descriptions": [], "extras": {}, "retired": false, "source": "DemoSource", "source_url": "/orgs/DemoOrg/sources/DemoSource/", "owner": "DemoOrg", "owner_name": "DemoOrg", "owner_url": "/orgs/DemoOrg/", "url": "/orgs/DemoOrg/sources/DemoSource/concepts/Papaya/", "owner_type": "Organization", "parent_concept_urls": [], "uuid": "3067861", "display_name": "Papaya", "display_locale": "en", "version": "3067861", "created_on": "2023-05-26T12:00:28.295103Z", "updated_on": "2023-05-26T12:00:28.296770Z", "version_created_on": "2023-05-26T12:00:28.295103Z", "version_created_by": "ocladmin", "update_comment": null, "is_latest_version": false, "locale": null, "version_url": "/orgs/DemoOrg/sources/DemoSource/concepts/Papaya/3067861/", "previous_version_url": null, "child_concept_urls": []}, {"type": "Concept", "id": "Orange", "external_id": null, "concept_class": "Product", "datatype": "None", "names": [{"external_id": null, "type": "ConceptName", "locale": "en", "locale_preferred": true, "name": "Orange", "name_type": "Fully Specified"}], "descriptions": [], "extras": {}, "retired": false, "source": "DemoSource", "source_url": "/orgs/DemoOrg/sources/DemoSource/", "owner": "DemoOrg", "owner_name": "DemoOrg", "owner_url": "/orgs/DemoOrg/", "url": "/orgs/DemoOrg/sources/DemoSource/concepts/Orange/", "owner_type": "Organization", "parent_concept_urls": [], "uuid": "3067858", "display_name": "Orange", "display_locale": "en", "version": "3067858", "created_on": "2023-05-26T12:00:28.231392Z", "updated_on": "2023-05-26T12:00:28.233108Z", "version_created_on": "2023-05-26T12:00:28.231392Z", "version_created_by": "ocladmin", "update_comment": null, "is_latest_version": false, "locale": null, "version_url": "/orgs/DemoOrg/sources/DemoSource/concepts/Orange/3067858/", "previous_version_url": null, "child_concept_urls": []}, {"type": "Concept", "id": "Avacado", "external_id": null, "concept_class": "Product", "datatype": "None", "names": [{"external_id": null, "type": "ConceptName", "locale": "en", "locale_preferred": true, "name": "Avacado", "name_type": "Fully Specified"}], "descriptions": [], "extras": {}, "retired": false, "source": "DemoSource", "source_url": "/orgs/DemoOrg/sources/DemoSource/", "owner": "DemoOrg", "owner_name": "DemoOrg", "owner_url": "/orgs/DemoOrg/", "url": "/orgs/DemoOrg/sources/DemoSource/concepts/Avacado/", "owner_type": "Organization", "parent_concept_urls": [], "uuid": "3067857", "display_name": "Avacado", "display_locale": "en", "version": "3067857", "created_on": "2023-05-26T12:00:28.231295Z", "updated_on": "2023-05-26T12:00:28.233308Z", "version_created_on": "2023-05-26T12:00:28.231295Z", "version_created_by": "ocladmin", "update_comment": null, "is_latest_version": false, "locale": null, "version_url": "/orgs/DemoOrg/sources/DemoSource/concepts/Avacado/3067857/", "previous_version_url": null, "child_concept_urls": []}, {"type": "Concept", "id": "Mango", "external_id": null, "concept_class": "Product", "datatype": "None", "names": [{"external_id": null, "type": "ConceptName", "locale": "en", "locale_preferred": true, "name": "Mango", "name_type": "Fully Specified"}], "descriptions": [], "extras": {}, "retired": false, "source": "DemoSource", "source_url": "/orgs/DemoOrg/sources/DemoSource/", "owner": "DemoOrg", "owner_name": "DemoOrg", "owner_url": "/orgs/DemoOrg/", "url": "/orgs/DemoOrg/sources/DemoSource/concepts/Mango/", "owner_type": "Organization", "parent_concept_urls": [], "uuid": "3067854", "display_name": "Mango", "display_locale": "en", "version": "3067854", "created_on": "2023-05-26T12:00:28.186420Z", "updated_on": "2023-05-26T12:00:28.187536Z", "version_created_on": "2023-05-26T12:00:28.186420Z", "version_created_by": "ocladmin", "update_comment": null, "is_latest_version": false, "locale": null, "version_url": "/orgs/DemoOrg/sources/DemoSource/concepts/Mango/3067854/", "previous_version_url": null, "child_concept_urls": []}, {"type": "Concept", "id": "Asparagus", "external_id": null, "concept_class": "Product", "datatype": "None", "names": [{"external_id": null, "type": "ConceptName", "locale": "en", "locale_preferred": true, "name": "Asparagus", "name_type": "Fully Specified"}], "descriptions": [], "extras": {}, "retired": false, "source": "DemoSource", "source_url": "/orgs/DemoOrg/sources/DemoSource/", "owner": "DemoOrg", "owner_name": "DemoOrg", "owner_url": "/orgs/DemoOrg/", "url": "/orgs/DemoOrg/sources/DemoSource/concepts/Asparagus/", "owner_type": "Organization", "parent_concept_urls": [], "uuid": "3067853", "display_name": "Asparagus", "display_locale": "en", "version": "3067853", "created_on": "2023-05-26T12:00:28.179579Z", "updated_on": "2023-05-26T12:00:28.181146Z", "version_created_on": "2023-05-26T12:00:28.179579Z", "version_created_by": "ocladmin", "update_comment": null, "is_latest_version": true, "locale": null, "version_url": "/orgs/DemoOrg/sources/DemoSource/concepts/Asparagus/3067853/", "previous_version_url": null, "child_concept_urls": []}, {"type": "Concept", "id": "Fruit", "external_id": null, "concept_class": "Category", "datatype": "None", "names": [{"external_id": null, "type": "ConceptName", "locale": "en", "locale_preferred": true, "name": "Fruit", "name_type": "Fully Specified"}], "descriptions": [], "extras": {}, "retired": false, "source": "DemoSource", "source_url": "/orgs/DemoOrg/sources/DemoSource/", "owner": "DemoOrg", "owner_name": "DemoOrg", "owner_url": "/orgs/DemoOrg/", "url": "/orgs/DemoOrg/sources/DemoSource/concepts/Fruit/", "owner_type": "Organization", "parent_concept_urls": [], "uuid": "3067850", "display_name": "Fruit", "display_locale": "en", "version": "3067850", "created_on": "2023-05-26T12:00:28.124105Z", "updated_on": "2023-05-26T12:00:28.127059Z", "version_created_on": "2023-05-26T12:00:28.124105Z", "version_created_by": "ocladmin", "update_comment": null, "is_latest_version": false, "locale": null, "version_url": "/orgs/DemoOrg/sources/DemoSource/concepts/Fruit/3067850/", "previous_version_url": null, "child_concept_urls": []}, {"type": "Concept", "id": "Artichoke", "external_id": null, "concept_class": "Product", "datatype": "None", "names": [{"external_id": null, "type": "ConceptName", "locale": "en", "locale_preferred": true, "name": "Artichoke", "name_type": "Fully Specified"}], "descriptions": [], "extras": {}, "retired": false, "source": "DemoSource", "source_url": "/orgs/DemoOrg/sources/DemoSource/", "owner": "DemoOrg", "owner_name": "DemoOrg", "owner_url": "/orgs/DemoOrg/", "url": "/orgs/DemoOrg/sources/DemoSource/concepts/Artichoke/", "owner_type": "Organization", "parent_concept_urls": [], "uuid": "3067849", "display_name": "Artichoke", "display_locale": "en", "version": "3067849", "created_on": "2023-05-26T12:00:28.113740Z", "updated_on": "2023-05-26T12:00:28.116590Z", "version_created_on": "2023-05-26T12:00:28.113740Z", "version_created_by": "ocladmin", "update_comment": null, "is_latest_version": true, "locale": null, "version_url": "/orgs/DemoOrg/sources/DemoSource/concepts/Artichoke/3067849/", "previous_version_url": null, "child_concept_urls": []}, {"type": "Concept", "id": "Food", "external_id": null, "concept_class": "Root", "datatype": "None", "names": [{"external_id": null, "type": "ConceptName", "locale": "en", "locale_preferred": true, "name": "Food", "name_type": "Fully Specified"}], "descriptions": [], "extras": {}, "retired": false, "source": "DemoSource", "source_url": "/orgs/DemoOrg/sources/DemoSource/", "owner": "DemoOrg", "owner_name": "DemoOrg", "owner_url": "/orgs/DemoOrg/", "url": "/orgs/DemoOrg/sources/DemoSource/concepts/Food/", "owner_type": "Organization", "parent_concept_urls": [], "uuid": "3067846", "display_name": "Food", "display_locale": "en", "version": "3067846", "created_on": "2023-05-26T12:00:28.043622Z", "updated_on": "2023-05-26T12:00:28.045589Z", "version_created_on": "2023-05-26T12:00:28.043622Z", "version_created_by": "ocladmin", "update_comment": null, "is_latest_version": false, "locale": null, "version_url": "/orgs/DemoOrg/sources/DemoSource/concepts/Food/3067846/", "previous_version_url": null, "child_concept_urls": []}, {"type": "Concept", "id": "Apple", "external_id": null, "concept_class": "Product", "datatype": "None", "names": [{"external_id": null, "type": "ConceptName", "locale": "en", "locale_preferred": true, "name": "Apple", "name_type": "Fully Specified"}], "descriptions": [], "extras": {}, "retired": false, "source": "DemoSource", "source_url": "/orgs/DemoOrg/sources/DemoSource/", "owner": "DemoOrg", "owner_name": "DemoOrg", "owner_url": "/orgs/DemoOrg/", "url": "/orgs/DemoOrg/sources/DemoSource/concepts/Apple/", "owner_type": "Organization", "parent_concept_urls": [], "uuid": "3067845", "display_name": "Apple", "display_locale": "en", "version": "3067845", "created_on": "2023-05-26T12:00:28.042320Z", "updated_on": "2023-05-26T12:00:28.045245Z", "version_created_on": "2023-05-26T12:00:28.042320Z", "version_created_by": "ocladmin", "update_comment": null, "is_latest_version": false, "locale": null, "version_url": "/orgs/DemoOrg/sources/DemoSource/concepts/Apple/3067845/", "previous_version_url": null, "child_concept_urls": []}], "mappings": [{"external_id": null, "retired": false, "map_type": "Has Child", "source": "DemoSource", "owner": "DemoOrg", "owner_type": "Organization", "from_concept_code": "Vegetable", "from_concept_name": null, "from_concept_url": "/orgs/DemoOrg/sources/DemoSource/concepts/Vegetable/", "to_concept_code": "Corn", "to_concept_name": null, "to_concept_url": "/orgs/DemoOrg/sources/DemoSource/concepts/Corn/", "from_source_owner": "DemoOrg", "from_source_owner_type": "Organization", "from_source_url": "/orgs/DemoOrg/sources/DemoSource/", "from_source_name": "DemoSource", "to_source_owner": "DemoOrg", "to_source_owner_type": "Organization", "to_source_url": "/orgs/DemoOrg/sources/DemoSource/", "to_source_name": "DemoSource", "url": "/orgs/DemoOrg/sources/DemoSource/mappings/22/", "version": "4913240", "id": "22", "versioned_object_id": 4913239, "versioned_object_url": "/orgs/DemoOrg/sources/DemoSource/mappings/22/", "is_latest_version": true, "update_comment": null, "version_url": "/orgs/DemoOrg/sources/DemoSource/mappings/22/4913240/", "uuid": "4913240", "version_created_on": "2023-05-26T12:00:30.904306Z", "from_source_version": null, "to_source_version": null, "from_concept_name_resolved": "Vegetable", "to_concept_name_resolved": "Corn", "extras": null, "type": "Mapping", "sort_weight": null, "created_on": "2023-05-26T12:00:30.904306Z", "updated_on": "2023-05-26T12:00:30.906989Z", "created_by": "ocladmin", "updated_by": "ocladmin", "public_can_view": true, "checksums": {"all": "904845e6de45cbdaaaaef647f18fb521", "meta": "71134c28f8607f3b8fa84fc04fb5e62e", "repo_versions": "ac55e764a860ccf3c42a3b54739c6d74"}}, {"external_id": null, "retired": false, "map_type": "Has Child", "source": "DemoSource", "owner": "DemoOrg", "owner_type": "Organization", "from_concept_code": "Fruit", "from_concept_name": null, "from_concept_url": "/orgs/DemoOrg/sources/DemoSource/concepts/Fruit/", "to_concept_code": "Papaya", "to_concept_name": null, "to_concept_url": "/orgs/DemoOrg/sources/DemoSource/concepts/Papaya/", "from_source_owner": "DemoOrg", "from_source_owner_type": "Organization", "from_source_url": "/orgs/DemoOrg/sources/DemoSource/", "from_source_name": "DemoSource", "to_source_owner": "DemoOrg", "to_source_owner_type": "Organization", "to_source_url": "/orgs/DemoOrg/sources/DemoSource/", "to_source_name": "DemoSource", "url": "/orgs/DemoOrg/sources/DemoSource/mappings/21/", "version": "4913238", "id": "21", "versioned_object_id": 4913236, "versioned_object_url": "/orgs/DemoOrg/sources/DemoSource/mappings/21/", "is_latest_version": true, "update_comment": null, "version_url": "/orgs/DemoOrg/sources/DemoSource/mappings/21/4913238/", "uuid": "4913238", "version_created_on": "2023-05-26T12:00:30.818907Z", "from_source_version": null, "to_source_version": null, "from_concept_name_resolved": "Fruit", "to_concept_name_resolved": "Papaya", "extras": null, "type": "Mapping", "sort_weight": null, "created_on": "2023-05-26T12:00:30.818907Z", "updated_on": "2023-05-26T12:00:30.822202Z", "created_by": "ocladmin", "updated_by": "ocladmin", "public_can_view": true, "checksums": {"all": "47d92ed2581b355bec4778bf5c4e8a5d", "meta": "95564c732f9540361394abb98c7d3580", "repo_versions": "ac55e764a860ccf3c42a3b54739c6d74"}}, {"external_id": null, "retired": false, "map_type": "Has Child", "source": "DemoSource", "owner": "DemoOrg", "owner_type": "Organization", "from_concept_code": "Vegetable", "from_concept_name": null, "from_concept_url": "/orgs/DemoOrg/sources/DemoSource/concepts/Vegetable/", "to_concept_code": "Cabbage", "to_concept_name": null, "to_concept_url": "/orgs/DemoOrg/sources/DemoSource/concepts/Cabbage/", "from_source_owner": "DemoOrg", "from_source_owner_type": "Organization", "from_source_url": "/orgs/DemoOrg/sources/DemoSource/", "from_source_name": "DemoSource", "to_source_owner": "DemoOrg", "to_source_owner_type": "Organization", "to_source_url": "/orgs/DemoOrg/sources/DemoSource/", "to_source_name": "DemoSource", "url": "/orgs/DemoOrg/sources/DemoSource/mappings/20/", "version": "4913237", "id": "20", "versioned_object_id": 4913235, "versioned_object_url": "/orgs/DemoOrg/sources/DemoSource/mappings/20/", "is_latest_version": true, "update_comment": null, "version_url": "/orgs/DemoOrg/sources/DemoSource/mappings/20/4913237/", "uuid": "4913237", "version_created_on": "2023-05-26T12:00:30.807784Z", "from_source_version": null, "to_source_version": null, "from_concept_name_resolved": "Vegetable", "to_concept_name_resolved": "Cabbage", "extras": null, "type": "Mapping", "sort_weight": null, "created_on": "2023-05-26T12:00:30.807784Z", "updated_on": "2023-05-26T12:00:30.814365Z", "created_by": "ocladmin", "updated_by": "ocladmin", "public_can_view": true, "checksums": {"all": "4f6924d1fff8fc703135fca50611a8db", "meta": "57f486a304dc778ddae656f1ac95e5e0", "repo_versions": "ac55e764a860ccf3c42a3b54739c6d74"}}, {"external_id": null, "retired": false, "map_type": "Has Child", "source": "DemoSource", "owner": "DemoOrg", "owner_type": "Organization", "from_concept_code": "Fruit", "from_concept_name": null, "from_concept_url": "/orgs/DemoOrg/sources/DemoSource/concepts/Fruit/", "to_concept_code": "Cherry", "to_concept_name": null, "to_concept_url": "/orgs/DemoOrg/sources/DemoSource/concepts/Cherry/", "from_source_owner": "DemoOrg", "from_source_owner_type": "Organization", "from_source_url": "/orgs/DemoOrg/sources/DemoSource/", "from_source_name": "DemoSource", "to_source_owner": "DemoOrg", "to_source_owner_type": "Organization", "to_source_url": "/orgs/DemoOrg/sources/DemoSource/", "to_source_name": "DemoSource", "url": "/orgs/DemoOrg/sources/DemoSource/mappings/19/", "version": "4913234", "id": "19", "versioned_object_id": 4913233, "versioned_object_url": "/orgs/DemoOrg/sources/DemoSource/mappings/19/", "is_latest_version": true, "update_comment": null, "version_url": "/orgs/DemoOrg/sources/DemoSource/mappings/19/4913234/", "uuid": "4913234", "version_created_on": "2023-05-26T12:00:30.734213Z", "from_source_version": null, "to_source_version": null, "from_concept_name_resolved": "Fruit", "to_concept_name_resolved": "Cherry", "extras": null, "type": "Mapping", "sort_weight": null, "created_on": "2023-05-26T12:00:30.734213Z", "updated_on": "2023-05-26T12:00:30.738032Z", "created_by": "ocladmin", "updated_by": "ocladmin", "public_can_view": true, "checksums": {"all": "a16b9f7311e5246d9449a54a6860ebaf", "meta": "55c5f36cda6e43349ca3d10a3b6011f4", "repo_versions": "ac55e764a860ccf3c42a3b54739c6d74"}}, {"external_id": null, "retired": false, "map_type": "Has Child", "source": "DemoSource", "owner": "DemoOrg", "owner_type": "Organization", "from_concept_code": "Vegetable", "from_concept_name": null, "from_concept_url": "/orgs/DemoOrg/sources/DemoSource/concepts/Vegetable/", "to_concept_code": "Broccoli", "to_concept_name": null, "to_concept_url": "/orgs/DemoOrg/sources/DemoSource/concepts/Broccoli/", "from_source_owner": "DemoOrg", "from_source_owner_type": "Organization", "from_source_url": "/orgs/DemoOrg/sources/DemoSource/", "from_source_name": "DemoSource", "to_source_owner": "DemoOrg", "to_source_owner_type": "Organization", "to_source_url": "/orgs/DemoOrg/sources/DemoSource/", "to_source_name": "DemoSource", "url": "/orgs/DemoOrg/sources/DemoSource/mappings/18/", "version": "4913232", "id": "18", "versioned_object_id": 4913231, "versioned_object_url": "/orgs/DemoOrg/sources/DemoSource/mappings/18/", "is_latest_version": true, "update_comment": null, "version_url": "/orgs/DemoOrg/sources/DemoSource/mappings/18/4913232/", "uuid": "4913232", "version_created_on": "2023-05-26T12:00:30.703083Z", "from_source_version": null, "to_source_version": null, "from_concept_name_resolved": "Vegetable", "to_concept_name_resolved": "Broccoli", "extras": null, "type": "Mapping", "sort_weight": null, "created_on": "2023-05-26T12:00:30.703083Z", "updated_on": "2023-05-26T12:00:30.707307Z", "created_by": "ocladmin", "updated_by": "ocladmin", "public_can_view": true, "checksums": {"all": "2ac90dd2ca1fbd629eef3bb9882737d4", "meta": "19ba0c24c595c8e131f7aa87769e3c8f", "repo_versions": "ac55e764a860ccf3c42a3b54739c6d74"}}, {"external_id": null, "retired": false, "map_type": "Has Child", "source": "DemoSource", "owner": "DemoOrg", "owner_type": "Organization", "from_concept_code": "Fruit", "from_concept_name": null, "from_concept_url": "/orgs/DemoOrg/sources/DemoSource/concepts/Fruit/", "to_concept_code": "Avacado", "to_concept_name": null, "to_concept_url": "/orgs/DemoOrg/sources/DemoSource/concepts/Avacado/", "from_source_owner": "DemoOrg", "from_source_owner_type": "Organization", "from_source_url": "/orgs/DemoOrg/sources/DemoSource/", "from_source_name": "DemoSource", "to_source_owner": "DemoOrg", "to_source_owner_type": "Organization", "to_source_url": "/orgs/DemoOrg/sources/DemoSource/", "to_source_name": "DemoSource", "url": "/orgs/DemoOrg/sources/DemoSource/mappings/17/", "version": "4913230", "id": "17", "versioned_object_id": 4913229, "versioned_object_url": "/orgs/DemoOrg/sources/DemoSource/mappings/17/", "is_latest_version": true, "update_comment": null, "version_url": "/orgs/DemoOrg/sources/DemoSource/mappings/17/4913230/", "uuid": "4913230", "version_created_on": "2023-05-26T12:00:30.625022Z", "from_source_version": null, "to_source_version": null, "from_concept_name_resolved": "Fruit", "to_concept_name_resolved": "Avacado", "extras": null, "type": "Mapping", "sort_weight": null, "created_on": "2023-05-26T12:00:30.625022Z", "updated_on": "2023-05-26T12:00:30.627036Z", "created_by": "ocladmin", "updated_by": "ocladmin", "public_can_view": true, "checksums": {"all": "2fe81ac568f5581491ee6495c38da07a", "meta": "1f779997b9e681b324c15b9ac77cccc6", "repo_versions": "ac55e764a860ccf3c42a3b54739c6d74"}}, {"external_id": null, "retired": false, "map_type": "Has Child", "source": "DemoSource", "owner": "DemoOrg", "owner_type": "Organization", "from_concept_code": "Vegetable", "from_concept_name": null, "from_concept_url": "/orgs/DemoOrg/sources/DemoSource/concepts/Vegetable/", "to_concept_code": "Beet", "to_concept_name": null, "to_concept_url": "/orgs/DemoOrg/sources/DemoSource/concepts/Beet/", "from_source_owner": "DemoOrg", "from_source_owner_type": "Organization", "from_source_url": "/orgs/DemoOrg/sources/DemoSource/", "from_source_name": "DemoSource", "to_source_owner": "DemoOrg", "to_source_owner_type": "Organization", "to_source_url": "/orgs/DemoOrg/sources/DemoSource/", "to_source_name": "DemoSource", "url": "/orgs/DemoOrg/sources/DemoSource/mappings/16/", "version": "4913228", "id": "16", "versioned_object_id": 4913227, "versioned_object_url": "/orgs/DemoOrg/sources/DemoSource/mappings/16/", "is_latest_version": true, "update_comment": null, "version_url": "/orgs/DemoOrg/sources/DemoSource/mappings/16/4913228/", "uuid": "4913228", "version_created_on": "2023-05-26T12:00:30.565983Z", "from_source_version": null, "to_source_version": null, "from_concept_name_resolved": "Vegetable", "to_concept_name_resolved": "Beet", "extras": null, "type": "Mapping", "sort_weight": null, "created_on": "2023-05-26T12:00:30.565983Z", "updated_on": "2023-05-26T12:00:30.617782Z", "created_by": "ocladmin", "updated_by": "ocladmin", "public_can_view": true, "checksums": {"all": "0a7b9e86bd7dcb9bf5313e9945b5a571", "meta": "511c7574f16a485a36a5750866cac727", "repo_versions": "ac55e764a860ccf3c42a3b54739c6d74"}}, {"external_id": null, "retired": false, "map_type": "Has Child", "source": "DemoSource", "owner": "DemoOrg", "owner_type": "Organization", "from_concept_code": "Fruit", "from_concept_name": null, "from_concept_url": "/orgs/DemoOrg/sources/DemoSource/concepts/Fruit/", "to_concept_code": "Mango", "to_concept_name": null, "to_concept_url": "/orgs/DemoOrg/sources/DemoSource/concepts/Mango/", "from_source_owner": "DemoOrg", "from_source_owner_type": "Organization", "from_source_url": "/orgs/DemoOrg/sources/DemoSource/", "from_source_name": "DemoSource", "to_source_owner": "DemoOrg", "to_source_owner_type": "Organization", "to_source_url": "/orgs/DemoOrg/sources/DemoSource/", "to_source_name": "DemoSource", "url": "/orgs/DemoOrg/sources/DemoSource/mappings/15/", "version": "4913226", "id": "15", "versioned_object_id": 4913225, "versioned_object_url": "/orgs/DemoOrg/sources/DemoSource/mappings/15/", "is_latest_version": true, "update_comment": null, "version_url": "/orgs/DemoOrg/sources/DemoSource/mappings/15/4913226/", "uuid": "4913226", "version_created_on": "2023-05-26T12:00:30.454619Z", "from_source_version": null, "to_source_version": null, "from_concept_name_resolved": "Fruit", "to_concept_name_resolved": "Mango", "extras": null, "type": "Mapping", "sort_weight": null, "created_on": "2023-05-26T12:00:30.454619Z", "updated_on": "2023-05-26T12:00:30.459179Z", "created_by": "ocladmin", "updated_by": "ocladmin", "public_can_view": true, "checksums": {"all": "bebbb33e76f938651e798eb240a3b792", "meta": "631e99c340698b7ce49110610115c18e", "repo_versions": "ac55e764a860ccf3c42a3b54739c6d74"}}, {"external_id": null, "retired": false, "map_type": "Has Child", "source": "DemoSource", "owner": "DemoOrg", "owner_type": "Organization", "from_concept_code": "Vegetable", "from_concept_name": null, "from_concept_url": "/orgs/DemoOrg/sources/DemoSource/concepts/Vegetable/", "to_concept_code": "Asparagus", "to_concept_name": null, "to_concept_url": "/orgs/DemoOrg/sources/DemoSource/concepts/Asparagus/", "from_source_owner": "DemoOrg", "from_source_owner_type": "Organization", "from_source_url": "/orgs/DemoOrg/sources/DemoSource/", "from_source_name": "DemoSource", "to_source_owner": "DemoOrg", "to_source_owner_type": "Organization", "to_source_url": "/orgs/DemoOrg/sources/DemoSource/", "to_source_name": "DemoSource", "url": "/orgs/DemoOrg/sources/DemoSource/mappings/14/", "version": "4913224", "id": "14", "versioned_object_id": 4913223, "versioned_object_url": "/orgs/DemoOrg/sources/DemoSource/mappings/14/", "is_latest_version": true, "update_comment": null, "version_url": "/orgs/DemoOrg/sources/DemoSource/mappings/14/4913224/", "uuid": "4913224", "version_created_on": "2023-05-26T12:00:30.408302Z", "from_source_version": null, "to_source_version": null, "from_concept_name_resolved": "Vegetable", "to_concept_name_resolved": "Asparagus", "extras": null, "type": "Mapping", "sort_weight": null, "created_on": "2023-05-26T12:00:30.408302Z", "updated_on": "2023-05-26T12:00:30.416278Z", "created_by": "ocladmin", "updated_by": "ocladmin", "public_can_view": true, "checksums": {"all": "a840d398fecbb076c9e673bd34f91598", "meta": "b22fe60ec553600807647ffff56cc2b5", "repo_versions": "ac55e764a860ccf3c42a3b54739c6d74"}}, {"external_id": null, "retired": false, "map_type": "Has Child", "source": "DemoSource", "owner": "DemoOrg", "owner_type": "Organization", "from_concept_code": "Fruit", "from_concept_name": null, "from_concept_url": "/orgs/DemoOrg/sources/DemoSource/concepts/Fruit/", "to_concept_code": "Watermelon", "to_concept_name": null, "to_concept_url": "/orgs/DemoOrg/sources/DemoSource/concepts/Watermelon/", "from_source_owner": "DemoOrg", "from_source_owner_type": "Organization", "from_source_url": "/orgs/DemoOrg/sources/DemoSource/", "from_source_name": "DemoSource", "to_source_owner": "DemoOrg", "to_source_owner_type": "Organization", "to_source_url": "/orgs/DemoOrg/sources/DemoSource/", "to_source_name": "DemoSource", "url": "/orgs/DemoOrg/sources/DemoSource/mappings/13/", "version": "4913222", "id": "13", "versioned_object_id": 4913221, "versioned_object_url": "/orgs/DemoOrg/sources/DemoSource/mappings/13/", "is_latest_version": true, "update_comment": null, "version_url": "/orgs/DemoOrg/sources/DemoSource/mappings/13/4913222/", "uuid": "4913222", "version_created_on": "2023-05-26T12:00:30.354751Z", "from_source_version": null, "to_source_version": null, "from_concept_name_resolved": "Fruit", "to_concept_name_resolved": "Watermelon", "extras": null, "type": "Mapping", "sort_weight": null, "created_on": "2023-05-26T12:00:30.354751Z", "updated_on": "2023-05-26T12:00:30.357783Z", "created_by": "ocladmin", "updated_by": "ocladmin", "public_can_view": true, "checksums": {"all": "f271046ec95dcbdadcfe0e487c90d4dd", "meta": "2c5c28ccc4c5e9d8f6ca918db7e5c726", "repo_versions": "ac55e764a860ccf3c42a3b54739c6d74"}}, {"external_id": null, "retired": false, "map_type": "Has Child", "source": "DemoSource", "owner": "DemoOrg", "owner_type": "Organization", "from_concept_code": "Vegetable", "from_concept_name": null, "from_concept_url": "/orgs/DemoOrg/sources/DemoSource/concepts/Vegetable/", "to_concept_code": "Artichoke", "to_concept_name": null, "to_concept_url": "/orgs/DemoOrg/sources/DemoSource/concepts/Artichoke/", "from_source_owner": "DemoOrg", "from_source_owner_type": "Organization", "from_source_url": "/orgs/DemoOrg/sources/DemoSource/", "from_source_name": "DemoSource", "to_source_owner": "DemoOrg", "to_source_owner_type": "Organization", "to_source_url": "/orgs/DemoOrg/sources/DemoSource/", "to_source_name": "DemoSource", "url": "/orgs/DemoOrg/sources/DemoSource/mappings/12/", "version": "4913220", "id": "12", "versioned_object_id": 4913219, "versioned_object_url": "/orgs/DemoOrg/sources/DemoSource/mappings/12/", "is_latest_version": true, "update_comment": null, "version_url": "/orgs/DemoOrg/sources/DemoSource/mappings/12/4913220/", "uuid": "4913220", "version_created_on": "2023-05-26T12:00:30.335529Z", "from_source_version": null, "to_source_version": null, "from_concept_name_resolved": "Vegetable", "to_concept_name_resolved": "Artichoke", "extras": null, "type": "Mapping", "sort_weight": null, "created_on": "2023-05-26T12:00:30.335529Z", "updated_on": "2023-05-26T12:00:30.341906Z", "created_by": "ocladmin", "updated_by": "ocladmin", "public_can_view": true, "checksums": {"all": "2b4ec6c7546ba91a29ae0e5b57834208", "meta": "06c57230c0c61c2e9a0dea7e2b9d7ab4", "repo_versions": "ac55e764a860ccf3c42a3b54739c6d74"}}, {"external_id": null, "retired": false, "map_type": "Has Child", "source": "DemoSource", "owner": "DemoOrg", "owner_type": "Organization", "from_concept_code": "Fruit", "from_concept_name": null, "from_concept_url": "/orgs/DemoOrg/sources/DemoSource/concepts/Fruit/", "to_concept_code": "Orange", "to_concept_name": null, "to_concept_url": "/orgs/DemoOrg/sources/DemoSource/concepts/Orange/", "from_source_owner": "DemoOrg", "from_source_owner_type": "Organization", "from_source_url": "/orgs/DemoOrg/sources/DemoSource/", "from_source_name": "DemoSource", "to_source_owner": "DemoOrg", "to_source_owner_type": "Organization", "to_source_url": "/orgs/DemoOrg/sources/DemoSource/", "to_source_name": "DemoSource", "url": "/orgs/DemoOrg/sources/DemoSource/mappings/11/", "version": "4913218", "id": "11", "versioned_object_id": 4913217, "versioned_object_url": "/orgs/DemoOrg/sources/DemoSource/mappings/11/", "is_latest_version": true, "update_comment": null, "version_url": "/orgs/DemoOrg/sources/DemoSource/mappings/11/4913218/", "uuid": "4913218", "version_created_on": "2023-05-26T12:00:30.279423Z", "from_source_version": null, "to_source_version": null, "from_concept_name_resolved": "Fruit", "to_concept_name_resolved": "Orange", "extras": null, "type": "Mapping", "sort_weight": null, "created_on": "2023-05-26T12:00:30.279423Z", "updated_on": "2023-05-26T12:00:30.281812Z", "created_by": "ocladmin", "updated_by": "ocladmin", "public_can_view": true, "checksums": {"all": "62d7c5e53b72afd0fc6a1fd0c10a1614", "meta": "ea4e51bf87ab4e93f433383ecce2a672", "repo_versions": "ac55e764a860ccf3c42a3b54739c6d74"}}, {"external_id": null, "retired": false, "map_type": "Has Child", "source": "DemoSource", "owner": "DemoOrg", "owner_type": "Organization", "from_concept_code": "Vegetable", "from_concept_name": null, "from_concept_url": "/orgs/DemoOrg/sources/DemoSource/concepts/Vegetable/", "to_concept_code": "Potato", "to_concept_name": null, "to_concept_url": "/orgs/DemoOrg/sources/DemoSource/concepts/Potato/", "from_source_owner": "DemoOrg", "from_source_owner_type": "Organization", "from_source_url": "/orgs/DemoOrg/sources/DemoSource/", "from_source_name": "DemoSource", "to_source_owner": "DemoOrg", "to_source_owner_type": "Organization", "to_source_url": "/orgs/DemoOrg/sources/DemoSource/", "to_source_name": "DemoSource", "url": "/orgs/DemoOrg/sources/DemoSource/mappings/10/", "version": "4913216", "id": "10", "versioned_object_id": 4913215, "versioned_object_url": "/orgs/DemoOrg/sources/DemoSource/mappings/10/", "is_latest_version": true, "update_comment": null, "version_url": "/orgs/DemoOrg/sources/DemoSource/mappings/10/4913216/", "uuid": "4913216", "version_created_on": "2023-05-26T12:00:30.242244Z", "from_source_version": null, "to_source_version": null, "from_concept_name_resolved": "Vegetable", "to_concept_name_resolved": "Potato", "extras": null, "type": "Mapping", "sort_weight": null, "created_on": "2023-05-26T12:00:30.242244Z", "updated_on": "2023-05-26T12:00:30.243920Z", "created_by": "ocladmin", "updated_by": "ocladmin", "public_can_view": true, "checksums": {"all": "ec7cb1c52b71cb78996c9884ec15ffca", "meta": "e9eafd965a39ba94de3009396dd8316a", "repo_versions": "ac55e764a860ccf3c42a3b54739c6d74"}}, {"external_id": null, "retired": false, "map_type": "Has Child", "source": "DemoSource", "owner": "DemoOrg", "owner_type": "Organization", "from_concept_code": "Fruit", "from_concept_name": null, "from_concept_url": "/orgs/DemoOrg/sources/DemoSource/concepts/Fruit/", "to_concept_code": "Strawberry", "to_concept_name": null, "to_concept_url": "/orgs/DemoOrg/sources/DemoSource/concepts/Strawberry/", "from_source_owner": "DemoOrg", "from_source_owner_type": "Organization", "from_source_url": "/orgs/DemoOrg/sources/DemoSource/", "from_source_name": "DemoSource", "to_source_owner": "DemoOrg", "to_source_owner_type": "Organization", "to_source_url": "/orgs/DemoOrg/sources/DemoSource/", "to_source_name": "DemoSource", "url": "/orgs/DemoOrg/sources/DemoSource/mappings/9/", "version": "4913214", "id": "9", "versioned_object_id": 4913213, "versioned_object_url": "/orgs/DemoOrg/sources/DemoSource/mappings/9/", "is_latest_version": true, "update_comment": null, "version_url": "/orgs/DemoOrg/sources/DemoSource/mappings/9/4913214/", "uuid": "4913214", "version_created_on": "2023-05-26T12:00:30.204986Z", "from_source_version": null, "to_source_version": null, "from_concept_name_resolved": "Fruit", "to_concept_name_resolved": "Strawberry", "extras": null, "type": "Mapping", "sort_weight": null, "created_on": "2023-05-26T12:00:30.204986Z", "updated_on": "2023-05-26T12:00:30.210013Z", "created_by": "ocladmin", "updated_by": "ocladmin", "public_can_view": true, "checksums": {"all": "cfa8646c35eeda66405b3131fce12392", "meta": "08e498baed33ffc1ce3aee07040781f1", "repo_versions": "ac55e764a860ccf3c42a3b54739c6d74"}}, {"external_id": null, "retired": false, "map_type": "Has Child", "source": "DemoSource", "owner": "DemoOrg", "owner_type": "Organization", "from_concept_code": "Vegetable", "from_concept_name": null, "from_concept_url": "/orgs/DemoOrg/sources/DemoSource/concepts/Vegetable/", "to_concept_code": "Cucumber", "to_concept_name": null, "to_concept_url": "/orgs/DemoOrg/sources/DemoSource/concepts/Cucumber/", "from_source_owner": "DemoOrg", "from_source_owner_type": "Organization", "from_source_url": "/orgs/DemoOrg/sources/DemoSource/", "from_source_name": "DemoSource", "to_source_owner": "DemoOrg", "to_source_owner_type": "Organization", "to_source_url": "/orgs/DemoOrg/sources/DemoSource/", "to_source_name": "DemoSource", "url": "/orgs/DemoOrg/sources/DemoSource/mappings/8/", "version": "4913212", "id": "8", "versioned_object_id": 4913211, "versioned_object_url": "/orgs/DemoOrg/sources/DemoSource/mappings/8/", "is_latest_version": true, "update_comment": null, "version_url": "/orgs/DemoOrg/sources/DemoSource/mappings/8/4913212/", "uuid": "4913212", "version_created_on": "2023-05-26T12:00:30.147545Z", "from_source_version": null, "to_source_version": null, "from_concept_name_resolved": "Vegetable", "to_concept_name_resolved": "Cucumber", "extras": null, "type": "Mapping", "sort_weight": null, "created_on": "2023-05-26T12:00:30.147545Z", "updated_on": "2023-05-26T12:00:30.158956Z", "created_by": "ocladmin", "updated_by": "ocladmin", "public_can_view": true, "checksums": {"all": "f7317259df21b72256025e27993ca800", "meta": "c7032f26f6859c045799affe83895af1", "repo_versions": "ac55e764a860ccf3c42a3b54739c6d74"}}, {"external_id": null, "retired": false, "map_type": "Has Child", "source": "DemoSource", "owner": "DemoOrg", "owner_type": "Organization", "from_concept_code": "Fruit", "from_concept_name": null, "from_concept_url": "/orgs/DemoOrg/sources/DemoSource/concepts/Fruit/", "to_concept_code": "Pear", "to_concept_name": null, "to_concept_url": "/orgs/DemoOrg/sources/DemoSource/concepts/Pear/", "from_source_owner": "DemoOrg", "from_source_owner_type": "Organization", "from_source_url": "/orgs/DemoOrg/sources/DemoSource/", "from_source_name": "DemoSource", "to_source_owner": "DemoOrg", "to_source_owner_type": "Organization", "to_source_url": "/orgs/DemoOrg/sources/DemoSource/", "to_source_name": "DemoSource", "url": "/orgs/DemoOrg/sources/DemoSource/mappings/7/", "version": "4913210", "id": "7", "versioned_object_id": 4913209, "versioned_object_url": "/orgs/DemoOrg/sources/DemoSource/mappings/7/", "is_latest_version": true, "update_comment": null, "version_url": "/orgs/DemoOrg/sources/DemoSource/mappings/7/4913210/", "uuid": "4913210", "version_created_on": "2023-05-26T12:00:30.109452Z", "from_source_version": null, "to_source_version": null, "from_concept_name_resolved": "Fruit", "to_concept_name_resolved": "Pear", "extras": null, "type": "Mapping", "sort_weight": null, "created_on": "2023-05-26T12:00:30.109452Z", "updated_on": "2023-05-26T12:00:30.111326Z", "created_by": "ocladmin", "updated_by": "ocladmin", "public_can_view": true, "checksums": {"all": "28f42307d5993d7900de893a075b07c1", "meta": "1fd03c9bfe04bf782a54775f3f71312a", "repo_versions": "ac55e764a860ccf3c42a3b54739c6d74"}}, {"external_id": null, "retired": false, "map_type": "Has Child", "source": "DemoSource", "owner": "DemoOrg", "owner_type": "Organization", "from_concept_code": "Fruit", "from_concept_name": null, "from_concept_url": "/orgs/DemoOrg/sources/DemoSource/concepts/Fruit/", "to_concept_code": "Apple", "to_concept_name": null, "to_concept_url": "/orgs/DemoOrg/sources/DemoSource/concepts/Apple/", "from_source_owner": "DemoOrg", "from_source_owner_type": "Organization", "from_source_url": "/orgs/DemoOrg/sources/DemoSource/", "from_source_name": "DemoSource", "to_source_owner": "DemoOrg", "to_source_owner_type": "Organization", "to_source_url": "/orgs/DemoOrg/sources/DemoSource/", "to_source_name": "DemoSource", "url": "/orgs/DemoOrg/sources/DemoSource/mappings/6/", "version": "4913208", "id": "6", "versioned_object_id": 4913206, "versioned_object_url": "/orgs/DemoOrg/sources/DemoSource/mappings/6/", "is_latest_version": true, "update_comment": null, "version_url": "/orgs/DemoOrg/sources/DemoSource/mappings/6/4913208/", "uuid": "4913208", "version_created_on": "2023-05-26T12:00:30.039405Z", "from_source_version": null, "to_source_version": null, "from_concept_name_resolved": "Fruit", "to_concept_name_resolved": "Apple", "extras": null, "type": "Mapping", "sort_weight": null, "created_on": "2023-05-26T12:00:30.039405Z", "updated_on": "2023-05-26T12:00:30.041461Z", "created_by": "ocladmin", "updated_by": "ocladmin", "public_can_view": true, "checksums": {"all": "551973e8554af5b6689ecad96f9f0d24", "meta": "987b030ad5fc6dfd65940f6c0ea2ae73", "repo_versions": "ac55e764a860ccf3c42a3b54739c6d74"}}, {"external_id": null, "retired": false, "map_type": "Has Child", "source": "DemoSource", "owner": "DemoOrg", "owner_type": "Organization", "from_concept_code": "Vegetable", "from_concept_name": null, "from_concept_url": "/orgs/DemoOrg/sources/DemoSource/concepts/Vegetable/", "to_concept_code": "Celery", "to_concept_name": null, "to_concept_url": "/orgs/DemoOrg/sources/DemoSource/concepts/Celery/", "from_source_owner": "DemoOrg", "from_source_owner_type": "Organization", "from_source_url": "/orgs/DemoOrg/sources/DemoSource/", "from_source_name": "DemoSource", "to_source_owner": "DemoOrg", "to_source_owner_type": "Organization", "to_source_url": "/orgs/DemoOrg/sources/DemoSource/", "to_source_name": "DemoSource", "url": "/orgs/DemoOrg/sources/DemoSource/mappings/5/", "version": "4913207", "id": "5", "versioned_object_id": 4913205, "versioned_object_url": "/orgs/DemoOrg/sources/DemoSource/mappings/5/", "is_latest_version": true, "update_comment": null, "version_url": "/orgs/DemoOrg/sources/DemoSource/mappings/5/4913207/", "uuid": "4913207", "version_created_on": "2023-05-26T12:00:30.032640Z", "from_source_version": null, "to_source_version": null, "from_concept_name_resolved": "Vegetable", "to_concept_name_resolved": "Celery", "extras": null, "type": "Mapping", "sort_weight": null, "created_on": "2023-05-26T12:00:30.032640Z", "updated_on": "2023-05-26T12:00:30.036097Z", "created_by": "ocladmin", "updated_by": "ocladmin", "public_can_view": true, "checksums": {"all": "c05ab5d8025047c6b798e54cc5cdf829", "meta": "b74b033b153eacfda98342c68f91171f", "repo_versions": "ac55e764a860ccf3c42a3b54739c6d74"}}, {"external_id": null, "retired": false, "map_type": "Has Child", "source": "DemoSource", "owner": "DemoOrg", "owner_type": "Organization", "from_concept_code": "Food", "from_concept_name": null, "from_concept_url": "/orgs/DemoOrg/sources/DemoSource/concepts/Food/", "to_concept_code": "Vegetable", "to_concept_name": null, "to_concept_url": "/orgs/DemoOrg/sources/DemoSource/concepts/Vegetable/", "from_source_owner": "DemoOrg", "from_source_owner_type": "Organization", "from_source_url": "/orgs/DemoOrg/sources/DemoSource/", "from_source_name": "DemoSource", "to_source_owner": "DemoOrg", "to_source_owner_type": "Organization", "to_source_url": "/orgs/DemoOrg/sources/DemoSource/", "to_source_name": "DemoSource", "url": "/orgs/DemoOrg/sources/DemoSource/mappings/4/", "version": "4913204", "id": "4", "versioned_object_id": 4913201, "versioned_object_url": "/orgs/DemoOrg/sources/DemoSource/mappings/4/", "is_latest_version": true, "update_comment": null, "version_url": "/orgs/DemoOrg/sources/DemoSource/mappings/4/4913204/", "uuid": "4913204", "version_created_on": "2023-05-26T12:00:29.963790Z", "from_source_version": null, "to_source_version": null, "from_concept_name_resolved": "Food", "to_concept_name_resolved": "Vegetable", "extras": null, "type": "Mapping", "sort_weight": null, "created_on": "2023-05-26T12:00:29.963790Z", "updated_on": "2023-05-26T12:00:29.966215Z", "created_by": "ocladmin", "updated_by": "ocladmin", "public_can_view": true, "checksums": {"all": "ea9c91a6ef68c69de1ed29bba7a59d4e", "meta": "8f25351ff24f3afc1ceba1d75b54cf0d", "repo_versions": "ac55e764a860ccf3c42a3b54739c6d74"}}, {"external_id": null, "retired": false, "map_type": "Has Child", "source": "DemoSource", "owner": "DemoOrg", "owner_type": "Organization", "from_concept_code": "Vegetable", "from_concept_name": null, "from_concept_url": "/orgs/DemoOrg/sources/DemoSource/concepts/Vegetable/", "to_concept_code": "Carrot", "to_concept_name": null, "to_concept_url": "/orgs/DemoOrg/sources/DemoSource/concepts/Carrot/", "from_source_owner": "DemoOrg", "from_source_owner_type": "Organization", "from_source_url": "/orgs/DemoOrg/sources/DemoSource/", "from_source_name": "DemoSource", "to_source_owner": "DemoOrg", "to_source_owner_type": "Organization", "to_source_url": "/orgs/DemoOrg/sources/DemoSource/", "to_source_name": "DemoSource", "url": "/orgs/DemoOrg/sources/DemoSource/mappings/3/", "version": "4913203", "id": "3", "versioned_object_id": 4913202, "versioned_object_url": "/orgs/DemoOrg/sources/DemoSource/mappings/3/", "is_latest_version": true, "update_comment": null, "version_url": "/orgs/DemoOrg/sources/DemoSource/mappings/3/4913203/", "uuid": "4913203", "version_created_on": "2023-05-26T12:00:29.962329Z", "from_source_version": null, "to_source_version": null, "from_concept_name_resolved": "Vegetable", "to_concept_name_resolved": "Carrot", "extras": null, "type": "Mapping", "sort_weight": null, "created_on": "2023-05-26T12:00:29.962329Z", "updated_on": "2023-05-26T12:00:29.964990Z", "created_by": "ocladmin", "updated_by": "ocladmin", "public_can_view": true, "checksums": {"all": "1d348825e53617d8136892093ef664bb", "meta": "c503f60fa035567fea2df5a6df3371df", "repo_versions": "ac55e764a860ccf3c42a3b54739c6d74"}}, {"external_id": null, "retired": false, "map_type": "Has Child", "source": "DemoSource", "owner": "DemoOrg", "owner_type": "Organization", "from_concept_code": "Fruit", "from_concept_name": null, "from_concept_url": "/orgs/DemoOrg/sources/DemoSource/concepts/Fruit/", "to_concept_code": "Pomelo", "to_concept_name": null, "to_concept_url": "/orgs/DemoOrg/sources/DemoSource/concepts/Pomelo/", "from_source_owner": "DemoOrg", "from_source_owner_type": "Organization", "from_source_url": "/orgs/DemoOrg/sources/DemoSource/", "from_source_name": "DemoSource", "to_source_owner": "DemoOrg", "to_source_owner_type": "Organization", "to_source_url": "/orgs/DemoOrg/sources/DemoSource/", "to_source_name": "DemoSource", "url": "/orgs/DemoOrg/sources/DemoSource/mappings/2/", "version": "4913200", "id": "2", "versioned_object_id": 4913197, "versioned_object_url": "/orgs/DemoOrg/sources/DemoSource/mappings/2/", "is_latest_version": true, "update_comment": null, "version_url": "/orgs/DemoOrg/sources/DemoSource/mappings/2/4913200/", "uuid": "4913200", "version_created_on": "2023-05-26T12:00:29.904341Z", "from_source_version": null, "to_source_version": null, "from_concept_name_resolved": "Fruit", "to_concept_name_resolved": "Pomelo", "extras": null, "type": "Mapping", "sort_weight": null, "created_on": "2023-05-26T12:00:29.904341Z", "updated_on": "2023-05-26T12:00:29.906896Z", "created_by": "ocladmin", "updated_by": "ocladmin", "public_can_view": true, "checksums": {"all": "b023c95a7c60a60006ace1ae18b7f743", "meta": "79a6fcfd707ca35064b847104a0dd640", "repo_versions": "ac55e764a860ccf3c42a3b54739c6d74"}}, {"external_id": null, "retired": false, "map_type": "Has Child", "source": "DemoSource", "owner": "DemoOrg", "owner_type": "Organization", "from_concept_code": "Food", "from_concept_name": null, "from_concept_url": "/orgs/DemoOrg/sources/DemoSource/concepts/Food/", "to_concept_code": "Fruit", "to_concept_name": null, "to_concept_url": "/orgs/DemoOrg/sources/DemoSource/concepts/Fruit/", "from_source_owner": "DemoOrg", "from_source_owner_type": "Organization", "from_source_url": "/orgs/DemoOrg/sources/DemoSource/", "from_source_name": "DemoSource", "to_source_owner": "DemoOrg", "to_source_owner_type": "Organization", "to_source_url": "/orgs/DemoOrg/sources/DemoSource/", "to_source_name": "DemoSource", "url": "/orgs/DemoOrg/sources/DemoSource/mappings/1/", "version": "4913199", "id": "1", "versioned_object_id": 4913198, "versioned_object_url": "/orgs/DemoOrg/sources/DemoSource/mappings/1/", "is_latest_version": true, "update_comment": null, "version_url": "/orgs/DemoOrg/sources/DemoSource/mappings/1/4913199/", "uuid": "4913199", "version_created_on": "2023-05-26T12:00:29.904279Z", "from_source_version": null, "to_source_version": null, "from_concept_name_resolved": "Food", "to_concept_name_resolved": "Fruit", "extras": null, "type": "Mapping", "sort_weight": null, "created_on": "2023-05-26T12:00:29.904279Z", "updated_on": "2023-05-26T12:00:29.906781Z", "created_by": "ocladmin", "updated_by": "ocladmin", "public_can_view": true, "checksums": {"all": "52eba78c5f7f44845e69e969abdf4ae1", "meta": "a8b55162249b76c712dcf737434111ac", "repo_versions": "ac55e764a860ccf3c42a3b54739c6d74"}}]}